nama_fungsi,definisi
create_sale_with_fefo,"CREATE OR REPLACE FUNCTION public.create_sale_with_fefo(p_invoice_no text, p_customer_name text, p_customer_type customer_type, p_cashier_name text, p_shift text, p_paid numeric, p_items jsonb)
 RETURNS jsonb
 LANGUAGE plpgsql
 SECURITY DEFINER
 SET search_path TO 'public'
AS $function$
declare
  item jsonb;
  batch_row record;
  remaining integer;
  allocated integer;
  total_amount numeric := 0;
  total_cost numeric := 0;
  item_subtotal numeric;
begin
  if not public.has_app_role(array['Owner','Apoteker','Kasir']::public.app_role[]) then
    raise exception 'Akses transaksi ditolak';
  end if;

  insert into public.sales (invoice_no, customer_name, customer_type, cashier_id, cashier_name, shift, subtotal, final_price, total_hpp, paid, change)
  values (p_invoice_no, coalesce(nullif(p_customer_name, ''), 'Umum'), p_customer_type, auth.uid(), p_cashier_name, p_shift, 0, 0, 0, p_paid, 0);

  for item in select * from jsonb_array_elements(p_items) loop
    remaining := greatest(0, (item->>'quantity')::integer);
    if remaining = 0 then continue; end if;
    for batch_row in
      select id, batch_code, expiry_date, stock_real, batch_cost
      from public.stock_batches
      where product_code = item->>'productCode' and stock_real > 0
      order by expiry_date asc, id asc
      for update
    loop
      exit when remaining <= 0;
      allocated := least(remaining, batch_row.stock_real);
      item_subtotal := allocated * (item->>'unitPrice')::numeric;
      insert into public.sale_items (invoice_no, product_code, product_name, batch_code, expiry_date, quantity, unit_price, batch_cost, subtotal)
      values (p_invoice_no, item->>'productCode', item->>'productName', batch_row.batch_code, batch_row.expiry_date, allocated, (item->>'unitPrice')::numeric, batch_row.batch_cost, item_subtotal);
      update public.stock_batches set stock_real = stock_real - allocated, updated_at = now() where id = batch_row.id;
      remaining := remaining - allocated;
      total_amount := total_amount + item_subtotal;
      total_cost := total_cost + allocated * batch_row.batch_cost;
    end loop;
    if remaining > 0 then raise exception 'Stok tidak mencukupi untuk %', item->>'productCode'; end if;
  end loop;

  update public.sales set subtotal = total_amount, final_price = total_amount, total_hpp = total_cost, change = greatest(0, p_paid - total_amount) where invoice_no = p_invoice_no;
  return jsonb_build_object('invoice_no', p_invoice_no, 'total', total_amount, 'hpp', total_cost);
end;
$function$
"
current_app_role,"CREATE OR REPLACE FUNCTION public.current_app_role()
 RETURNS app_role
 LANGUAGE sql
 STABLE SECURITY DEFINER
 SET search_path TO 'public'
AS $function$ select role from public.profiles where id = (select auth.uid()) and active = true limit 1 $function$
"
generate_refill_reminders,"CREATE OR REPLACE FUNCTION public.generate_refill_reminders(p_cabang_id text DEFAULT NULL::text)
 RETURNS integer
 LANGUAGE plpgsql
 SECURITY DEFINER
 SET search_path TO 'public'
AS $function$
DECLARE n integer;
BEGIN
 INSERT INTO public.notification_log(cabang_id,customer_id,refill_program_id,channel,message,status)
 SELECT p.cabang_id,p.customer_id,p.id,'n8n','Halo '||c.nama||', waktunya isi ulang obat Anda. Silakan hubungi Apotek Fa-Mitra untuk pengecekan ketersediaan.','PENDING'
 FROM public.refill_programs p JOIN public.master_customer c ON c.id=p.customer_id AND c.cabang_id=p.cabang_id
 WHERE p.status='ACTIVE' AND p.next_reminder_date<=current_date AND c.consent_marketing=true
   AND (p_cabang_id IS NULL OR p.cabang_id=p_cabang_id)
   AND NOT EXISTS (SELECT 1 FROM public.notification_log l WHERE l.refill_program_id=p.id AND l.channel='n8n' AND l.created_at >= date_trunc('day',now()))
 ON CONFLICT DO NOTHING;
 GET DIAGNOSTICS n=ROW_COUNT; RETURN n;
END;
$function$
"
has_app_role,"CREATE OR REPLACE FUNCTION public.has_app_role(allowed app_role[])
 RETURNS boolean
 LANGUAGE sql
 STABLE
AS $function$ select coalesce(public.current_app_role() = any(allowed), false) $function$
"
loyalty_after_return,"CREATE OR REPLACE FUNCTION public.loyalty_after_return()
 RETURNS trigger
 LANGUAGE plpgsql
 SECURITY DEFINER
 SET search_path TO 'public'
AS $function$ DECLARE v_customer public.master_customer%ROWTYPE; v_points integer; BEGIN IF NULLIF(TRIM(NEW.nomor_wa),'') IS NULL THEN RETURN NEW; END IF; SELECT * INTO v_customer FROM public.master_customer WHERE cabang_id=NEW.cabang_id AND nomor_wa=NEW.nomor_wa FOR UPDATE; IF NOT FOUND THEN RETURN NEW; END IF; v_points := CASE WHEN v_customer.tipe_customer = 'Apotek Lain' THEN 0 ELSE FLOOR(GREATEST(0, NEW.total_refund) / 1000)::integer END; UPDATE public.master_customer SET total_belanja=GREATEST(0,total_belanja-GREATEST(0,NEW.total_refund)), total_spend_mtd=GREATEST(0,total_spend_mtd-GREATEST(0,NEW.total_refund)), total_points=GREATEST(0,total_points-v_points) WHERE id=v_customer.id; INSERT INTO public.loyalty_transactions(cabang_id,customer_id,no_nota,points_change,reason) VALUES (NEW.cabang_id,v_customer.id,NEW.no_retur,-v_points,'return_adjustment'); RETURN NEW; END; $function$
"
loyalty_after_sale,"CREATE OR REPLACE FUNCTION public.loyalty_after_sale()
 RETURNS trigger
 LANGUAGE plpgsql
 SECURITY DEFINER
 SET search_path TO 'public'
AS $function$ DECLARE v_customer public.master_customer%ROWTYPE; v_points integer; BEGIN IF NULLIF(TRIM(NEW.nomor_wa),'') IS NULL THEN RETURN NEW; END IF; v_points := CASE WHEN NEW.tipe_customer = 'Apotek Lain' THEN 0 ELSE FLOOR(GREATEST(0, NEW.harga_akhir) / 1000)::integer END; INSERT INTO public.master_customer (cabang_id, nomor_wa, nama, tipe_customer, total_belanja, jumlah_transaksi, tanggal_terakhir_beli, total_points, total_spend_mtd) VALUES (NEW.cabang_id, NEW.nomor_wa, COALESCE(NULLIF(NEW.nama_pelanggan,''),'Umum'), NEW.tipe_customer, GREATEST(0,NEW.harga_akhir), 1, NEW.tanggal, v_points, GREATEST(0,NEW.harga_akhir)) ON CONFLICT (cabang_id, nomor_wa) DO UPDATE SET nama=EXCLUDED.nama, tipe_customer=EXCLUDED.tipe_customer, total_belanja=public.master_customer.total_belanja+GREATEST(0,NEW.harga_akhir), jumlah_transaksi=public.master_customer.jumlah_transaksi+1, tanggal_terakhir_beli=NEW.tanggal, total_points=GREATEST(0,public.master_customer.total_points+v_points), total_spend_mtd=public.master_customer.total_spend_mtd+GREATEST(0,NEW.harga_akhir); SELECT * INTO v_customer FROM public.master_customer WHERE cabang_id=NEW.cabang_id AND nomor_wa=NEW.nomor_wa; INSERT INTO public.loyalty_transactions(cabang_id,customer_id,no_nota,points_change,reason) VALUES (NEW.cabang_id,v_customer.id,NEW.no_nota,v_points,'purchase'); RETURN NEW; END; $function$
"
loyalty_set_tier,"CREATE OR REPLACE FUNCTION public.loyalty_set_tier()
 RETURNS trigger
 LANGUAGE plpgsql
AS $function$
BEGIN
  NEW.tier := CASE WHEN NEW.total_spend_mtd >= 2000000 THEN 'gold' WHEN NEW.total_spend_mtd >= 500000 THEN 'silver' ELSE 'reguler' END;
  RETURN NEW;
END;
$function$
"
norm_wa,"CREATE OR REPLACE FUNCTION public.norm_wa(v text)
 RETURNS text
 LANGUAGE plpgsql
 IMMUTABLE
AS $function$ declare s text := regexp_replace(coalesce(v,''),'\D','','g'); begin if s like '0%' then s := '62' || substr(s,2); elsif s <> '' and s not like '62%' then s := '62' || s; end if; return s; end; $function$
"
pos_checkout,"CREATE OR REPLACE FUNCTION public.pos_checkout(p_username text, p_nomor_wa text, p_nama_pelanggan text, p_tipe_customer text, p_items jsonb, p_diskon numeric, p_bayar numeric)
 RETURNS jsonb
 LANGUAGE plpgsql
 SECURITY DEFINER
 SET search_path TO 'public'
AS $function$ declare v_tanggal date := (now() at time zone 'Asia/Jakarta')::date; v_jam text := to_char(now() at time zone 'Asia/Jakarta', 'HH24:MI'); v_shift text; v_no_nota text; v_subtotal numeric := 0; v_harga_akhir numeric; v_total_hpp numeric := 0; v_kembalian numeric; v_item jsonb; v_product record; v_batch record; v_remaining numeric; v_take numeric; v_unit_price numeric; v_detail jsonb := '[]'::jsonb; v_segment text; begin perform pg_advisory_xact_lock(hashtext('pos_checkout')); if p_items is null or jsonb_array_length(p_items) = 0 then raise exception 'Keranjang kosong.'; end if; if coalesce(p_diskon,0) < 0 or coalesce(p_bayar,0) < 0 then raise exception 'Nilai diskon atau pembayaran tidak valid.'; end if; v_shift := case when extract(hour from (now() at time zone 'Asia/Jakarta')) between 8 and 14 then 'Pagi' when extract(hour from (now() at time zone 'Asia/Jakarta')) between 15 and 20 then 'Sore' else 'Luar Jam' end; select 'INV' || to_char(v_tanggal,'YYYYMMDD') || '-' || lpad((count(*) + 1)::text,4,'0') into v_no_nota from trx_penjualan where tanggal = v_tanggal; for v_item in select value from jsonb_array_elements(p_items) loop select * into v_product from master_barang where kode_obat = upper(v_item->>'kode') and aktif = 'YA' for share; if not found then raise exception 'Barang % tidak ditemukan atau nonaktif.', v_item->>'kode'; end if; v_unit_price := case when p_tipe_customer = 'Tenaga Kesehatan' then nullif(v_product.harga_khusus,0) when p_tipe_customer = 'Apotek Lain' then nullif(v_product.harga_jual_mutasi,0) else nullif(v_product.harga_jual_umum,0) end; v_unit_price := coalesce(v_unit_price, v_product.harga_jual_umum, 0); if coalesce((v_item->>'qty')::numeric,0) <= 0 then raise exception 'Qty barang % harus lebih dari nol.', v_product.nama_obat; end if; v_subtotal := v_subtotal + v_unit_price * (v_item->>'qty')::numeric; end loop; v_harga_akhir := greatest(0, v_subtotal - coalesce(p_diskon,0)); if coalesce(p_bayar,0) < v_harga_akhir then raise exception 'Pembayaran kurang.'; end if; v_kembalian := p_bayar - v_harga_akhir; insert into trx_penjualan(no_nota,tanggal,jam,nomor_wa,nama_pelanggan,tipe_customer,petugas_transaksi,shift,subtotal,diskon,harga_akhir,total_hpp,bayar,kembalian) values(v_no_nota,v_tanggal,v_jam,nullif(norm_wa(p_nomor_wa),''),coalesce(nullif(p_nama_pelanggan,''),'Umum'),p_tipe_customer,p_username,v_shift,v_subtotal,coalesce(p_diskon,0),v_harga_akhir,0,p_bayar,v_kembalian); for v_item in select value from jsonb_array_elements(p_items) loop select * into v_product from master_barang where kode_obat = upper(v_item->>'kode') and aktif = 'YA'; v_unit_price := case when p_tipe_customer = 'Tenaga Kesehatan' then nullif(v_product.harga_khusus,0) when p_tipe_customer = 'Apotek Lain' then nullif(v_product.harga_jual_mutasi,0) else nullif(v_product.harga_jual_umum,0) end; v_unit_price := coalesce(v_unit_price, v_product.harga_jual_umum, 0); v_remaining := (v_item->>'qty')::numeric; while v_remaining > 0 loop select * into v_batch from stok_batch where kode_obat = v_product.kode_obat and stok_real > 0 order by expired_date asc, id_batch asc for update skip locked limit 1; if not found then raise exception 'Stok % tidak mencukupi.', v_product.nama_obat; end if; v_take := least(v_remaining, v_batch.stok_real); update stok_batch set stok_real = stok_real - v_take, updated_at = now() where id_batch = v_batch.id_batch; insert into trx_penjualan_detail(no_nota,tanggal,kode_obat,nama_obat,kode_batch,expired_date,qty,harga_satuan,harga_modal,subtotal) values(v_no_nota,v_tanggal,v_product.kode_obat,v_product.nama_obat,v_batch.kode_batch,v_batch.expired_date,v_take,v_unit_price,v_batch.harga_modal_batch,v_unit_price*v_take); v_total_hpp := v_total_hpp + v_batch.harga_modal_batch*v_take; v_detail := v_detail || jsonb_build_array(jsonb_build_object('Nama_Obat',v_product.nama_obat,'Qty',v_take,'Harga_Satuan',v_unit_price,'Subtotal',v_unit_price*v_take)); v_remaining := v_remaining - v_take; end loop; end loop; update trx_penjualan set total_hpp = v_total_hpp where no_nota = v_no_nota; if nullif(norm_wa(p_nomor_wa),'') is not null then insert into master_customer(nomor_wa,nama,tipe_customer) values(norm_wa(p_nomor_wa),coalesce(nullif(p_nama_pelanggan,''),'Umum'),p_tipe_customer) on conflict (nomor_wa) do update set nama = excluded.nama, tipe_customer = excluded.tipe_customer; update master_customer set total_belanja = greatest(0,total_belanja + v_harga_akhir), jumlah_transaksi = jumlah_transaksi + 1, tanggal_terakhir_beli = v_tanggal where nomor_wa = norm_wa(p_nomor_wa); end if; return jsonb_build_object('No_Nota',v_no_nota,'Tanggal',v_tanggal,'Jam',v_jam,'Petugas',p_username,'Shift',v_shift,'Apotek','Apotek Fa-Mitra','Nama_Pelanggan',coalesce(nullif(p_nama_pelanggan,''),'Umum'),'Subtotal',v_subtotal,'Diskon',coalesce(p_diskon,0),'Harga_Akhir',v_harga_akhir,'Bayar',p_bayar,'Kembalian',v_kembalian,'Total_HPP',v_total_hpp,'items',v_detail); end; $function$
"
pos_checkout,"CREATE OR REPLACE FUNCTION public.pos_checkout(p_username text, p_nomor_wa text, p_nama_pelanggan text, p_tipe_customer text, p_items jsonb, p_diskon numeric, p_bayar numeric, p_cabang_id text DEFAULT NULL::text, p_reward_id uuid DEFAULT NULL::uuid)
 RETURNS jsonb
 LANGUAGE plpgsql
 SECURITY DEFINER
 SET search_path TO 'public'
AS $function$ DECLARE v_tanggal date := (now() at time zone 'Asia/Jakarta')::date; v_jam text := to_char(now() at time zone 'Asia/Jakarta', 'HH24:MI'); v_shift text; v_no_nota text; v_subtotal numeric := 0; v_harga_akhir numeric; v_total_hpp numeric := 0; v_kembalian numeric; v_item jsonb; v_product record; v_batch record; v_remaining numeric; v_take numeric; v_unit_price numeric; v_detail jsonb := '[]'::jsonb; v_reward record; v_reward_discount numeric := 0; v_reward_points integer := 0; v_cabang_id text := coalesce(nullif(p_cabang_id,''),(select cabang_id from app_users where username=p_username),'KARLA'); v_customer_type text; BEGIN PERFORM pg_advisory_xact_lock(hashtext('pos_checkout')); IF p_items IS NULL OR jsonb_array_length(p_items)=0 THEN RAISE EXCEPTION 'Keranjang kosong.'; END IF; IF coalesce(p_diskon,0)<0 OR coalesce(p_bayar,0)<0 THEN RAISE EXCEPTION 'Nilai diskon atau pembayaran tidak valid.'; END IF; v_shift := CASE WHEN extract(hour from (now() at time zone 'Asia/Jakarta')) between 8 and 14 THEN 'Pagi' WHEN extract(hour from (now() at time zone 'Asia/Jakarta')) between 15 and 20 THEN 'Sore' ELSE 'Luar Jam' END; SELECT 'INV-'||v_cabang_id||'-'||to_char(v_tanggal,'YYYYMMDD')||'-'||lpad((count(*)+1)::text,4,'0') INTO v_no_nota FROM trx_penjualan WHERE tanggal=v_tanggal AND cabang_id=v_cabang_id; FOR v_item IN SELECT value FROM jsonb_array_elements(p_items) LOOP SELECT * INTO v_product FROM master_barang WHERE kode_obat=upper(v_item->>'kode') AND aktif='YA' FOR SHARE; IF NOT FOUND THEN RAISE EXCEPTION 'Barang % tidak ditemukan atau nonaktif.',v_item->>'kode'; END IF; v_unit_price := CASE WHEN p_tipe_customer='Tenaga Kesehatan' THEN nullif(v_product.harga_khusus,0) WHEN p_tipe_customer='Apotek Lain' THEN nullif(v_product.harga_jual_mutasi,0) ELSE nullif(v_product.harga_jual_umum,0) END; v_unit_price:=coalesce(v_unit_price,v_product.harga_jual_umum,0); IF coalesce((v_item->>'qty')::numeric,0)<=0 THEN RAISE EXCEPTION 'Qty barang % harus lebih dari nol.',v_product.nama_obat; END IF; v_subtotal:=v_subtotal+v_unit_price*(v_item->>'qty')::numeric; END LOOP; IF p_reward_id IS NOT NULL THEN SELECT r.* INTO v_reward FROM loyalty_rewards r WHERE r.id=p_reward_id AND r.cabang_id=v_cabang_id AND r.is_active FOR SHARE; IF NOT FOUND THEN RAISE EXCEPTION 'Reward tidak tersedia pada cabang aktif.'; END IF; IF nullif(norm_wa(p_nomor_wa),'') IS NULL THEN RAISE EXCEPTION 'Reward hanya dapat digunakan oleh pelanggan terdaftar.'; END IF; SELECT c.total_points,c.tipe_customer INTO v_reward_points,v_customer_type FROM master_customer c WHERE c.cabang_id=v_cabang_id AND c.nomor_wa=norm_wa(p_nomor_wa) AND c.total_points>=v_reward.points_required AND (CASE WHEN v_reward.min_tier='gold' THEN 3 WHEN v_reward.min_tier='silver' THEN 2 ELSE 1 END)<=(CASE WHEN c.tier='gold' THEN 3 WHEN c.tier='silver' THEN 2 ELSE 1 END) FOR UPDATE; IF NOT FOUND THEN RAISE EXCEPTION 'Poin atau tier pelanggan tidak memenuhi syarat reward.'; END IF; v_reward_points:=v_reward.points_required; v_reward_discount:=greatest(0,coalesce(v_reward.reward_value,0)); IF v_customer_type='Tenaga Kesehatan' THEN v_reward_discount:=floor(v_reward_discount/2); ELSIF v_customer_type='Apotek Lain' THEN RAISE EXCEPTION 'Pelanggan Apotek Lain tidak memiliki poin atau reward.'; END IF; END IF; v_harga_akhir:=greatest(0,v_subtotal-coalesce(p_diskon,0)-v_reward_discount); IF coalesce(p_bayar,0)<v_harga_akhir THEN RAISE EXCEPTION 'Pembayaran kurang.'; END IF; v_kembalian:=p_bayar-v_harga_akhir; INSERT INTO trx_penjualan(no_nota,tanggal,jam,nomor_wa,nama_pelanggan,tipe_customer,petugas_transaksi,shift,subtotal,diskon,harga_akhir,total_hpp,bayar,kembalian,cabang_id) VALUES(v_no_nota,v_tanggal,v_jam,nullif(norm_wa(p_nomor_wa),''),coalesce(nullif(p_nama_pelanggan,''),'Umum'),p_tipe_customer,p_username,v_shift,v_subtotal,coalesce(p_diskon,0)+v_reward_discount,v_harga_akhir,0,p_bayar,v_kembalian,v_cabang_id); FOR v_item IN SELECT value FROM jsonb_array_elements(p_items) LOOP SELECT * INTO v_product FROM master_barang WHERE kode_obat=upper(v_item->>'kode') AND aktif='YA'; v_unit_price:=CASE WHEN p_tipe_customer='Tenaga Kesehatan' THEN nullif(v_product.harga_khusus,0) WHEN p_tipe_customer='Apotek Lain' THEN nullif(v_product.harga_jual_mutasi,0) ELSE nullif(v_product.harga_jual_umum,0) END; v_unit_price:=coalesce(v_unit_price,v_product.harga_jual_umum,0); v_remaining:=(v_item->>'qty')::numeric; WHILE v_remaining>0 LOOP SELECT * INTO v_batch FROM stok_batch WHERE kode_obat=v_product.kode_obat AND cabang_id=v_cabang_id AND stok_real>0 ORDER BY expired_date ASC,id_batch ASC FOR UPDATE SKIP LOCKED LIMIT 1; IF NOT FOUND THEN RAISE EXCEPTION 'Stok % tidak mencukupi.',v_product.nama_obat; END IF; v_take:=least(v_remaining,v_batch.stok_real); UPDATE stok_batch SET stok_real=stok_real-v_take,updated_at=now() WHERE id_batch=v_batch.id_batch; INSERT INTO trx_penjualan_detail(no_nota,tanggal,kode_obat,nama_obat,kode_batch,expired_date,qty,harga_satuan,harga_modal,subtotal,cabang_id) VALUES(v_no_nota,v_tanggal,v_product.kode_obat,v_product.nama_obat,v_batch.kode_batch,v_batch.expired_date,v_take,v_unit_price,v_batch.harga_modal_batch,v_unit_price*v_take,v_cabang_id); v_total_hpp:=v_total_hpp+v_batch.harga_modal_batch*v_take; v_detail:=v_detail||jsonb_build_array(jsonb_build_object('Nama_Obat',v_product.nama_obat,'Qty',v_take,'Harga_Satuan',v_unit_price,'Subtotal',v_unit_price*v_take)); v_remaining:=v_remaining-v_take; END LOOP; END LOOP; UPDATE trx_penjualan SET total_hpp=v_total_hpp WHERE no_nota=v_no_nota AND cabang_id=v_cabang_id; IF p_reward_id IS NOT NULL THEN INSERT INTO loyalty_redemptions(cabang_id,customer_id,reward_id,no_nota,points_used,reward_value) SELECT v_cabang_id,c.id,p_reward_id,v_no_nota,v_reward.points_required,v_reward_discount FROM master_customer c WHERE c.cabang_id=v_cabang_id AND c.nomor_wa=norm_wa(p_nomor_wa); UPDATE master_customer SET total_points=total_points-v_reward.points_required WHERE cabang_id=v_cabang_id AND nomor_wa=norm_wa(p_nomor_wa); INSERT INTO loyalty_transactions(cabang_id,customer_id,no_nota,points_change,reason) SELECT v_cabang_id,c.id,v_no_nota,-v_reward.points_required,'redeem' FROM master_customer c WHERE c.cabang_id=v_cabang_id AND c.nomor_wa=norm_wa(p_nomor_wa); END IF; RETURN jsonb_build_object('No_Nota',v_no_nota,'Tanggal',v_tanggal,'Jam',v_jam,'Petugas',p_username,'Shift',v_shift,'Apotek','Apotek Fa-Mitra','Nama_Pelanggan',coalesce(nullif(p_nama_pelanggan,''),'Umum'),'Subtotal',v_subtotal,'Diskon',coalesce(p_diskon,0)+v_reward_discount,'Reward_Diskon',v_reward_discount,'Reward_Points_Used',v_reward_points,'Harga_Akhir',v_harga_akhir,'Bayar',p_bayar,'Kembalian',v_kembalian,'Total_HPP',v_total_hpp,'items',v_detail); END; $function$
"
pos_checkout_bundle,"CREATE OR REPLACE FUNCTION public.pos_checkout_bundle(p_username text, p_nomor_wa text, p_nama_pelanggan text, p_tipe_customer text, p_items jsonb, p_diskon numeric, p_bayar numeric, p_cabang_id text DEFAULT NULL::text, p_reward_id uuid DEFAULT NULL::uuid, p_bundle_code text DEFAULT NULL::text)
 RETURNS jsonb
 LANGUAGE plpgsql
 SECURITY DEFINER
 SET search_path TO 'public'
AS $function$ DECLARE v_branch text:=coalesce(nullif(p_cabang_id,''),(select cabang_id from app_users where username=p_username),'KARLA'); v_code text:=upper(trim(coalesce(p_bundle_code,''))); v_bundle record; v_item record; v_cart jsonb; v_qty numeric; v_price numeric; v_base numeric:=0; v_discount numeric:=0; v_result jsonb; BEGIN IF v_code='' THEN RAISE EXCEPTION 'Kode bundle wajib diisi.'; END IF; SELECT b.* INTO v_bundle FROM promo_bundles b WHERE b.cabang_id=v_branch AND upper(b.code)=v_code AND b.status='ACTIVE' AND now() BETWEEN b.starts_at AND b.ends_at FOR UPDATE; IF NOT FOUND THEN RAISE EXCEPTION 'Bundle tidak aktif atau sudah berakhir.'; END IF; FOR v_item IN SELECT i.*,m.nama_obat,m.harga_jual_umum,m.harga_khusus,m.harga_jual_mutasi,m.aktif,m.golongan FROM promo_bundle_items i JOIN master_barang m ON m.kode_obat=i.kode_obat WHERE i.bundle_id=v_bundle.id LOOP IF v_item.aktif<>'YA' OR coalesce(v_item.golongan,'')<>'Bebas' THEN RAISE EXCEPTION 'Bundle hanya boleh berisi produk aktif golongan Bebas.'; END IF; SELECT value INTO v_cart FROM jsonb_array_elements(p_items) WHERE upper(value->>'kode')=upper(v_item.kode_obat) LIMIT 1; IF v_cart IS NULL OR coalesce((v_cart->>'qty')::numeric,0)<v_item.qty THEN RAISE EXCEPTION 'Isi keranjang belum memenuhi bundle: % x %.',v_item.qty,v_item.nama_obat; END IF; v_price:=CASE WHEN p_tipe_customer='Tenaga Kesehatan' THEN v_item.harga_khusus WHEN p_tipe_customer='Apotek Lain' THEN v_item.harga_jual_mutasi ELSE v_item.harga_jual_umum END; v_base:=v_base+coalesce(v_price,0)*v_item.qty; END LOOP; IF v_base<=0 THEN RAISE EXCEPTION 'Bundle tidak memiliki harga dasar yang valid.'; END IF; IF v_bundle.bundle_price>=v_base THEN RAISE EXCEPTION 'Harga bundle harus lebih rendah dari harga normal.'; END IF; v_discount:=v_base-v_bundle.bundle_price; v_result:=public.pos_checkout(p_username,p_nomor_wa,p_nama_pelanggan,p_tipe_customer,p_items,coalesce(p_diskon,0)+v_discount,p_bayar,v_branch,p_reward_id); UPDATE trx_penjualan SET bundle_id=v_bundle.id,bundle_code=v_bundle.code,bundle_discount=v_discount WHERE no_nota=v_result->>'No_Nota' AND cabang_id=v_branch; RETURN v_result||jsonb_build_object('Bundle_Code',v_bundle.code,'Bundle_Name',v_bundle.name,'Bundle_Discount',v_discount,'Bundle_Base_Price',v_base); END; $function$
"
pos_checkout_promo,"CREATE OR REPLACE FUNCTION public.pos_checkout_promo(p_username text, p_nomor_wa text, p_nama_pelanggan text, p_tipe_customer text, p_items jsonb, p_diskon numeric, p_bayar numeric, p_cabang_id text DEFAULT NULL::text, p_reward_id uuid DEFAULT NULL::uuid, p_coupon_code text DEFAULT NULL::text)
 RETURNS jsonb
 LANGUAGE plpgsql
 SECURITY DEFINER
 SET search_path TO 'public'
AS $function$ DECLARE v_cabang_id text := coalesce(nullif(p_cabang_id,''),(select cabang_id from app_users where username=p_username),'KARLA'); v_code text := upper(trim(coalesce(p_coupon_code,''))); v_coupon record; v_campaign record; v_customer record; v_subtotal numeric := 0; v_unit_price numeric; v_item jsonb; v_discount numeric := 0; v_used_total integer := 0; v_used_customer integer := 0; v_segment text; v_days integer; v_result jsonb; BEGIN PERFORM pg_advisory_xact_lock(hashtext('promo:'||v_cabang_id||':'||v_code)); IF v_code <> '' THEN IF nullif(norm_wa(p_nomor_wa),'') IS NULL THEN RAISE EXCEPTION 'Kupon hanya dapat digunakan oleh pelanggan terdaftar.'; END IF; SELECT c.* INTO v_coupon FROM promo_coupons c WHERE c.cabang_id=v_cabang_id AND upper(c.code)=v_code AND c.is_active FOR UPDATE; IF NOT FOUND THEN RAISE EXCEPTION 'Kode kupon tidak ditemukan atau tidak aktif.'; END IF; SELECT p.* INTO v_campaign FROM promo_campaigns p WHERE p.id=v_coupon.campaign_id AND p.cabang_id=v_cabang_id AND p.status='ACTIVE' AND now() BETWEEN p.starts_at AND p.ends_at FOR SHARE; IF NOT FOUND THEN RAISE EXCEPTION 'Kampanye kupon tidak aktif atau sudah berakhir.'; END IF; SELECT c.* INTO v_customer FROM master_customer c WHERE c.cabang_id=v_cabang_id AND c.nomor_wa=norm_wa(p_nomor_wa) FOR UPDATE; IF NOT FOUND THEN RAISE EXCEPTION 'Pelanggan belum terdaftar untuk promo ini.'; END IF; v_days:=CASE WHEN v_customer.tanggal_terakhir_beli IS NULL THEN NULL ELSE current_date-v_customer.tanggal_terakhir_beli END; v_segment:=CASE WHEN v_customer.jumlah_transaksi=0 OR v_customer.tanggal_terakhir_beli IS NULL THEN 'Baru' WHEN v_days>180 THEN 'Dormant' WHEN v_days>60 THEN 'At-Risk' WHEN v_customer.total_belanja>=2000000 OR v_customer.jumlah_transaksi>=8 THEN 'VIP' ELSE 'Active Routine' END; IF NOT EXISTS (SELECT 1 FROM promo_segment_targets t WHERE t.campaign_id=v_campaign.id AND t.segment=v_segment AND (t.customer_type IS NULL OR t.customer_type=p_tipe_customer)) THEN RAISE EXCEPTION 'Pelanggan tidak termasuk segmen promo ini.'; END IF; SELECT count(*) INTO v_used_total FROM promo_redemptions r WHERE r.coupon_id=v_coupon.id AND r.status='APPLIED'; SELECT count(*) INTO v_used_customer FROM promo_redemptions r WHERE r.coupon_id=v_coupon.id AND r.customer_id=v_customer.id AND r.status='APPLIED'; IF v_coupon.usage_limit_total IS NOT NULL AND v_used_total>=v_coupon.usage_limit_total THEN RAISE EXCEPTION 'Kuota kupon sudah habis.'; END IF; IF v_used_customer>=v_coupon.usage_limit_per_customer THEN RAISE EXCEPTION 'Kupon sudah pernah digunakan oleh pelanggan ini.'; END IF; END IF; FOR v_item IN SELECT value FROM jsonb_array_elements(p_items) LOOP SELECT CASE WHEN p_tipe_customer='Tenaga Kesehatan' THEN nullif(harga_khusus,0) WHEN p_tipe_customer='Apotek Lain' THEN nullif(harga_jual_mutasi,0) ELSE nullif(harga_jual_umum,0) END INTO v_unit_price FROM master_barang WHERE kode_obat=upper(v_item->>'kode') AND aktif='YA'; v_subtotal:=v_subtotal+coalesce(v_unit_price,0)*coalesce((v_item->>'qty')::numeric,0); END LOOP; IF v_code<>'' THEN IF v_subtotal<v_coupon.min_purchase THEN RAISE EXCEPTION 'Minimum belanja kupon adalah Rp%.',v_coupon.min_purchase; END IF; v_discount:=CASE WHEN v_coupon.discount_type='PERCENT' THEN v_subtotal*v_coupon.discount_value/100 ELSE v_coupon.discount_value END; IF v_coupon.max_discount IS NOT NULL THEN v_discount:=least(v_discount,v_coupon.max_discount); END IF; v_discount:=least(greatest(v_discount,0),v_subtotal); v_result:=public.pos_checkout(p_username,p_nomor_wa,p_nama_pelanggan,p_tipe_customer,p_items,coalesce(p_diskon,0)+v_discount,p_bayar,v_cabang_id,p_reward_id); UPDATE trx_penjualan SET coupon_id=v_coupon.id,coupon_code=v_coupon.code,campaign_id=v_campaign.id,coupon_discount=v_discount WHERE no_nota=v_result->>'No_Nota' AND cabang_id=v_cabang_id; INSERT INTO promo_redemptions(coupon_id,campaign_id,customer_id,cabang_id,invoice_no,discount_amount) VALUES(v_coupon.id,v_campaign.id,v_customer.id,v_cabang_id,v_result->>'No_Nota',v_discount); RETURN v_result || jsonb_build_object('Coupon_Code',v_coupon.code,'Campaign_Name',v_campaign.name,'Coupon_Discount',v_discount,'Customer_Segment',v_segment); END IF; RETURN public.pos_checkout(p_username,p_nomor_wa,p_nama_pelanggan,p_tipe_customer,p_items,p_diskon,p_bayar,v_cabang_id,p_reward_id); END; $function$
"
purchase_save,"CREATE OR REPLACE FUNCTION public.purchase_save(p_username text, p_no_faktur text, p_supplier text, p_kategori text, p_tanggal date, p_jatuh_tempo date, p_items jsonb, p_cabang_id text DEFAULT NULL::text)
 RETURNS jsonb
 LANGUAGE plpgsql
 SECURITY DEFINER
 SET search_path TO 'public'
AS $function$ declare v_item jsonb; v_subtotal numeric; v_total_item numeric := 0; v_total_tagihan numeric := 0; v_product record; v_batch record; v_id_batch text; v_cabang_id text := coalesce(nullif(p_cabang_id, ''), (select cabang_id from app_users where username=p_username), 'KARLA'); begin perform pg_advisory_xact_lock(hashtext('purchase_save')); if nullif(trim(p_no_faktur),'') is null then raise exception 'Nomor faktur wajib diisi.'; end if; if exists (select 1 from trx_pembelian where no_faktur = p_no_faktur and cabang_id = v_cabang_id) then raise exception 'Nomor faktur sudah pernah dicatat.'; end if; if nullif(trim(p_supplier),'') is null then raise exception 'Supplier wajib dipilih.'; end if; if p_items is null or jsonb_array_length(p_items) = 0 then raise exception 'Detail pembelian kosong.'; end if; insert into trx_pembelian(no_faktur,supplier,kategori,tanggal_faktur,jatuh_tempo,total_item,total_tagihan,petugas,cabang_id) values(p_no_faktur,p_supplier,coalesce(nullif(p_kategori,''),'Tidak Berpajak'),coalesce(p_tanggal,current_date),p_jatuh_tempo,0,0,p_username,v_cabang_id); for v_item in select value from jsonb_array_elements(p_items) loop if coalesce((v_item->>'Qty')::numeric,0) <= 0 or coalesce((v_item->>'Harga_Netto')::numeric,0) < 0 then raise exception 'Qty dan harga netto item tidak valid.'; end if; select * into v_product from master_barang where kode_obat = upper(v_item->>'Kode_Obat') and aktif = 'YA' for update; if not found then raise exception 'Barang % tidak ditemukan atau nonaktif.', v_item->>'Kode_Obat'; end if; v_subtotal := ((v_item->>'Harga_Netto')::numeric * (v_item->>'Qty')::numeric) * (1 + coalesce((v_item->>'PPN')::numeric,0)/100) - coalesce((v_item->>'Diskon')::numeric,0); if v_subtotal < 0 then raise exception 'Subtotal item tidak boleh negatif.'; end if; insert into trx_pembelian_detail(no_faktur,kode_obat,nama_obat,kode_batch,expired_date,qty,harga_netto,ppn,diskon,harga_jual_umum_baru,subtotal,cabang_id) values(p_no_faktur,v_product.kode_obat,v_product.nama_obat,v_item->>'Kode_Batch',(v_item->>'Expired_Date')::date,(v_item->>'Qty')::numeric,(v_item->>'Harga_Netto')::numeric,coalesce((v_item->>'PPN')::numeric,0),coalesce((v_item->>'Diskon')::numeric,0),coalesce((v_item->>'Harga_Jual_Umum_Baru')::numeric,0),v_subtotal,v_cabang_id); select * into v_batch from stok_batch where kode_obat = v_product.kode_obat and kode_batch = v_item->>'Kode_Batch' and cabang_id = v_cabang_id for update; if found then update stok_batch set stok_real = stok_real + (v_item->>'Qty')::numeric, expired_date = (v_item->>'Expired_Date')::date, harga_modal_batch = (v_item->>'Harga_Netto')::numeric, updated_at = now() where id_batch = v_batch.id_batch; else v_id_batch := 'BT-' || to_char(now() at time zone 'Asia/Jakarta','YYMMDDHH24MISS') || '-' || lpad((floor(random()*900)+100)::int::text,3,'0'); insert into stok_batch(id_batch,kode_obat,kode_batch,expired_date,stok_real,harga_modal_batch,cabang_id) values(v_id_batch,v_product.kode_obat,v_item->>'Kode_Batch',(v_item->>'Expired_Date')::date,(v_item->>'Qty')::numeric,(v_item->>'Harga_Netto')::numeric,v_cabang_id); end if; update master_barang set harga_modal = (v_item->>'Harga_Netto')::numeric, harga_jual_umum = case when coalesce((v_item->>'Harga_Jual_Umum_Baru')::numeric,0) > 0 then (v_item->>'Harga_Jual_Umum_Baru')::numeric else harga_jual_umum end, updated_at = now() where kode_obat = v_product.kode_obat; v_total_item := v_total_item + (v_item->>'Qty')::numeric; v_total_tagihan := v_total_tagihan + v_subtotal; end loop; update trx_pembelian set total_item = v_total_item, total_tagihan = v_total_tagihan where no_faktur = p_no_faktur and cabang_id = v_cabang_id; return jsonb_build_object('No_Faktur',p_no_faktur,'Total_Item',v_total_item,'Total_Tagihan',v_total_tagihan); end; $function$
"
purchase_save,"CREATE OR REPLACE FUNCTION public.purchase_save(p_username text, p_no_faktur text, p_supplier text, p_kategori text, p_tanggal date, p_jatuh_tempo date, p_items jsonb)
 RETURNS jsonb
 LANGUAGE plpgsql
 SECURITY DEFINER
 SET search_path TO 'public'
AS $function$ declare v_item jsonb; v_subtotal numeric; v_total_item numeric := 0; v_total_tagihan numeric := 0; v_product record; v_batch record; v_id_batch text; begin perform pg_advisory_xact_lock(hashtext('purchase_save')); if nullif(trim(p_no_faktur),'') is null then raise exception 'Nomor faktur wajib diisi.'; end if; if exists (select 1 from trx_pembelian where no_faktur = p_no_faktur) then raise exception 'Nomor faktur sudah pernah dicatat.'; end if; if nullif(trim(p_supplier),'') is null then raise exception 'Supplier wajib dipilih.'; end if; if p_items is null or jsonb_array_length(p_items) = 0 then raise exception 'Detail pembelian kosong.'; end if; insert into trx_pembelian(no_faktur,supplier,kategori,tanggal_faktur,jatuh_tempo,total_item,total_tagihan,petugas) values(p_no_faktur,p_supplier,coalesce(nullif(p_kategori,''),'Tidak Berpajak'),coalesce(p_tanggal,current_date),p_jatuh_tempo,0,0,p_username); for v_item in select value from jsonb_array_elements(p_items) loop if coalesce((v_item->>'Qty')::numeric,0) <= 0 or coalesce((v_item->>'Harga_Netto')::numeric,0) < 0 then raise exception 'Qty dan harga netto item tidak valid.'; end if; select * into v_product from master_barang where kode_obat = upper(v_item->>'Kode_Obat') and aktif = 'YA' for update; if not found then raise exception 'Barang % tidak ditemukan atau nonaktif.', v_item->>'Kode_Obat'; end if; v_subtotal := ((v_item->>'Harga_Netto')::numeric * (v_item->>'Qty')::numeric) * (1 + coalesce((v_item->>'PPN')::numeric,0)/100) - coalesce((v_item->>'Diskon')::numeric,0); if v_subtotal < 0 then raise exception 'Subtotal item tidak boleh negatif.'; end if; insert into trx_pembelian_detail(no_faktur,kode_obat,nama_obat,kode_batch,expired_date,qty,harga_netto,ppn,diskon,harga_jual_umum_baru,subtotal) values(p_no_faktur,v_product.kode_obat,v_product.nama_obat,v_item->>'Kode_Batch',(v_item->>'Expired_Date')::date,(v_item->>'Qty')::numeric,(v_item->>'Harga_Netto')::numeric,coalesce((v_item->>'PPN')::numeric,0),coalesce((v_item->>'Diskon')::numeric,0),coalesce((v_item->>'Harga_Jual_Umum_Baru')::numeric,0),v_subtotal); select * into v_batch from stok_batch where kode_obat = v_product.kode_obat and kode_batch = v_item->>'Kode_Batch' for update; if found then update stok_batch set stok_real = stok_real + (v_item->>'Qty')::numeric, expired_date = (v_item->>'Expired_Date')::date, harga_modal_batch = (v_item->>'Harga_Netto')::numeric, updated_at = now() where id_batch = v_batch.id_batch; else v_id_batch := 'BT-' || to_char(now() at time zone 'Asia/Jakarta','YYMMDDHH24MISS') || '-' || lpad((floor(random()*900)+100)::int::text,3,'0'); insert into stok_batch(id_batch,kode_obat,kode_batch,expired_date,stok_real,harga_modal_batch) values(v_id_batch,v_product.kode_obat,v_item->>'Kode_Batch',(v_item->>'Expired_Date')::date,(v_item->>'Qty')::numeric,(v_item->>'Harga_Netto')::numeric); end if; update master_barang set harga_modal = (v_item->>'Harga_Netto')::numeric, harga_jual_umum = case when coalesce((v_item->>'Harga_Jual_Umum_Baru')::numeric,0) > 0 then (v_item->>'Harga_Jual_Umum_Baru')::numeric else harga_jual_umum end, updated_at = now() where kode_obat = v_product.kode_obat; v_total_item := v_total_item + (v_item->>'Qty')::numeric; v_total_tagihan := v_total_tagihan + v_subtotal; end loop; update trx_pembelian set total_item = v_total_item, total_tagihan = v_total_tagihan where no_faktur = p_no_faktur; return jsonb_build_object('No_Faktur',p_no_faktur,'Total_Item',v_total_item,'Total_Tagihan',v_total_tagihan); end; $function$
"
redeem_loyalty_reward,"CREATE OR REPLACE FUNCTION public.redeem_loyalty_reward(p_cabang_id text, p_customer_id uuid, p_reward_id uuid, p_no_nota text DEFAULT NULL::text)
 RETURNS jsonb
 LANGUAGE plpgsql
 SECURITY DEFINER
 SET search_path TO 'public'
AS $function$ DECLARE c public.master_customer%ROWTYPE; r public.loyalty_rewards%ROWTYPE; x uuid; v_reward_value numeric; BEGIN SELECT * INTO c FROM public.master_customer WHERE id=p_customer_id AND cabang_id=p_cabang_id FOR UPDATE; IF NOT FOUND THEN RAISE EXCEPTION 'Pelanggan tidak ditemukan pada cabang aktif.'; END IF; SELECT * INTO r FROM public.loyalty_rewards WHERE id=p_reward_id AND cabang_id=p_cabang_id AND is_active FOR SHARE; IF NOT FOUND THEN RAISE EXCEPTION 'Reward tidak tersedia pada cabang aktif.'; END IF; IF c.tipe_customer='Apotek Lain' THEN RAISE EXCEPTION 'Pelanggan Apotek Lain tidak memiliki poin atau reward.'; END IF; IF (CASE WHEN r.min_tier='gold' THEN 3 WHEN r.min_tier='silver' THEN 2 ELSE 1 END) > (CASE WHEN c.tier='gold' THEN 3 WHEN c.tier='silver' THEN 2 ELSE 1 END) THEN RAISE EXCEPTION 'Tier pelanggan belum memenuhi syarat reward.'; END IF; IF c.total_points < r.points_required THEN RAISE EXCEPTION 'Poin pelanggan tidak mencukupi.'; END IF; v_reward_value := greatest(0,coalesce(r.reward_value,0)); IF c.tipe_customer='Tenaga Kesehatan' THEN v_reward_value := floor(v_reward_value/2); END IF; INSERT INTO public.loyalty_redemptions(cabang_id,customer_id,reward_id,no_nota,points_used,reward_value) VALUES(p_cabang_id,p_customer_id,p_reward_id,p_no_nota,r.points_required,v_reward_value) RETURNING id INTO x; UPDATE public.master_customer SET total_points=total_points-r.points_required WHERE id=c.id; INSERT INTO public.loyalty_transactions(cabang_id,customer_id,no_nota,points_change,reason) VALUES(p_cabang_id,c.id,p_no_nota,-r.points_required,'redeem'); RETURN jsonb_build_object('id',x,'reward_id',r.id,'name',CASE WHEN c.tipe_customer='Tenaga Kesehatan' THEN 'Diskon Rp'||replace(to_char(v_reward_value,'FM9999999990'),' ','') ELSE r.name END,'points_used',r.points_required,'reward_value',v_reward_value,'remaining_points',c.total_points-r.points_required); END; $function$
"
refresh_customer_segments,"CREATE OR REPLACE FUNCTION public.refresh_customer_segments(p_cabang_id text DEFAULT NULL::text)
 RETURNS integer
 LANGUAGE plpgsql
 SECURITY DEFINER
 SET search_path TO 'public'
AS $function$
DECLARE n integer;
BEGIN
 UPDATE public.master_customer c SET segment_crm=CASE WHEN c.jumlah_transaksi=0 OR c.tanggal_terakhir_beli IS NULL THEN 'Baru' WHEN current_date-c.tanggal_terakhir_beli>180 THEN 'Dormant' WHEN current_date-c.tanggal_terakhir_beli>60 THEN 'At-Risk' WHEN c.total_belanja>=2000000 OR c.jumlah_transaksi>=8 THEN 'VIP' ELSE 'Active Routine' END WHERE p_cabang_id IS NULL OR c.cabang_id=p_cabang_id;
 GET DIAGNOSTICS n=ROW_COUNT; RETURN n;
END;
$function$
"
reset_monthly_spend,"CREATE OR REPLACE FUNCTION public.reset_monthly_spend()
 RETURNS void
 LANGUAGE plpgsql
 SECURITY DEFINER
 SET search_path TO 'public'
AS $function$
BEGIN
 UPDATE public.master_customer SET total_spend_mtd=0;
 PERFORM public.refresh_customer_segments(NULL);
END;
$function$
"
rls_auto_enable,"CREATE OR REPLACE FUNCTION public.rls_auto_enable()
 RETURNS event_trigger
 LANGUAGE plpgsql
 SECURITY DEFINER
 SET search_path TO 'pg_catalog'
AS $function$
DECLARE
  cmd record;
BEGIN
  FOR cmd IN
    SELECT *
    FROM pg_event_trigger_ddl_commands()
    WHERE command_tag IN ('CREATE TABLE', 'CREATE TABLE AS', 'SELECT INTO')
      AND object_type IN ('table','partitioned table')
  LOOP
     IF cmd.schema_name IS NOT NULL AND cmd.schema_name IN ('public') AND cmd.schema_name NOT IN ('pg_catalog','information_schema') AND cmd.schema_name NOT LIKE 'pg_toast%' AND cmd.schema_name NOT LIKE 'pg_temp%' THEN
      BEGIN
        EXECUTE format('alter table if exists %s enable row level security', cmd.object_identity);
        RAISE LOG 'rls_auto_enable: enabled RLS on %', cmd.object_identity;
      EXCEPTION
        WHEN OTHERS THEN
          RAISE LOG 'rls_auto_enable: failed to enable RLS on %', cmd.object_identity;
      END;
     ELSE
        RAISE LOG 'rls_auto_enable: skip % (either system schema or not in enforced list: %.)', cmd.object_identity, cmd.schema_name;
     END IF;
  END LOOP;
END;
$function$
"