tablename,indexname,indexdef
activity_log,activity_log_pkey,CREATE UNIQUE INDEX activity_log_pkey ON public.activity_log USING btree (id)
activity_log,idx_activitylog_created,CREATE INDEX idx_activitylog_created ON public.activity_log USING btree (created_at)
app_sessions,app_sessions_pkey,CREATE UNIQUE INDEX app_sessions_pkey ON public.app_sessions USING btree (token)
app_sessions,idx_sessions_expiry,CREATE INDEX idx_sessions_expiry ON public.app_sessions USING btree (expires_at)
app_users,app_users_pkey,CREATE UNIQUE INDEX app_users_pkey ON public.app_users USING btree (username)
biaya_operasional,biaya_operasional_pkey,CREATE UNIQUE INDEX biaya_operasional_pkey ON public.biaya_operasional USING btree (id)
biaya_operasional,idx_biaya_cabang_tanggal,"CREATE INDEX idx_biaya_cabang_tanggal ON public.biaya_operasional USING btree (cabang_id, tanggal)"
biaya_operasional,idx_biaya_tanggal,CREATE INDEX idx_biaya_tanggal ON public.biaya_operasional USING btree (tanggal)
customers,customers_pkey,CREATE UNIQUE INDEX customers_pkey ON public.customers USING btree (phone)
loyalty_redemptions,loyalty_redemptions_pkey,CREATE UNIQUE INDEX loyalty_redemptions_pkey ON public.loyalty_redemptions USING btree (id)
loyalty_redemptions,uq_loyalty_redemption_nota_reward,"CREATE UNIQUE INDEX uq_loyalty_redemption_nota_reward ON public.loyalty_redemptions USING btree (no_nota, reward_id) WHERE ((status = 'redeemed'::text) AND (no_nota IS NOT NULL))"
loyalty_rewards,idx_loyalty_rewards_cabang,"CREATE INDEX idx_loyalty_rewards_cabang ON public.loyalty_rewards USING btree (cabang_id, is_active)"
loyalty_rewards,loyalty_rewards_pkey,CREATE UNIQUE INDEX loyalty_rewards_pkey ON public.loyalty_rewards USING btree (id)
loyalty_transactions,idx_loyalty_tx_customer,"CREATE INDEX idx_loyalty_tx_customer ON public.loyalty_transactions USING btree (cabang_id, customer_id, created_at DESC)"
loyalty_transactions,loyalty_transactions_pkey,CREATE UNIQUE INDEX loyalty_transactions_pkey ON public.loyalty_transactions USING btree (id)
master_barang,idx_barang_aktif,CREATE INDEX idx_barang_aktif ON public.master_barang USING btree (aktif)
master_barang,idx_barang_barcode,CREATE INDEX idx_barang_barcode ON public.master_barang USING btree (barcode)
master_barang,idx_barang_nama,"CREATE INDEX idx_barang_nama ON public.master_barang USING gin (to_tsvector('simple'::regconfig, nama_obat))"
master_barang,master_barang_pkey,CREATE UNIQUE INDEX master_barang_pkey ON public.master_barang USING btree (kode_obat)
master_cabang,master_cabang_nama_cabang_key,CREATE UNIQUE INDEX master_cabang_nama_cabang_key ON public.master_cabang USING btree (nama_cabang)
master_cabang,master_cabang_pkey,CREATE UNIQUE INDEX master_cabang_pkey ON public.master_cabang USING btree (kode_cabang)
master_customer,idx_customer_segment,CREATE INDEX idx_customer_segment ON public.master_customer USING btree (segment_crm)
master_customer,idx_customer_tglterakhir,CREATE INDEX idx_customer_tglterakhir ON public.master_customer USING btree (tanggal_terakhir_beli)
master_customer,idx_master_customer_cabang,CREATE INDEX idx_master_customer_cabang ON public.master_customer USING btree (cabang_id)
master_customer,master_customer_pkey,CREATE UNIQUE INDEX master_customer_pkey ON public.master_customer USING btree (id)
master_customer,uq_master_customer_cabang_wa,"CREATE UNIQUE INDEX uq_master_customer_cabang_wa ON public.master_customer USING btree (cabang_id, nomor_wa)"
master_supplier,master_supplier_nama_supplier_key,CREATE UNIQUE INDEX master_supplier_nama_supplier_key ON public.master_supplier USING btree (nama_supplier)
master_supplier,master_supplier_pkey,CREATE UNIQUE INDEX master_supplier_pkey ON public.master_supplier USING btree (kode_supplier)
n8n_chat_histories,n8n_chat_histories_pkey,CREATE UNIQUE INDEX n8n_chat_histories_pkey ON public.n8n_chat_histories USING btree (id)
notification_log,notification_log_pkey,CREATE UNIQUE INDEX notification_log_pkey ON public.notification_log USING btree (id)
operating_expenses,operating_expenses_pkey,CREATE UNIQUE INDEX operating_expenses_pkey ON public.operating_expenses USING btree (id)
products,products_barcode_key,CREATE UNIQUE INDEX products_barcode_key ON public.products USING btree (barcode)
products,products_pkey,CREATE UNIQUE INDEX products_pkey ON public.products USING btree (code)
profiles,profiles_pkey,CREATE UNIQUE INDEX profiles_pkey ON public.profiles USING btree (id)
profiles,profiles_username_key,CREATE UNIQUE INDEX profiles_username_key ON public.profiles USING btree (username)
promo_bundle_items,promo_bundle_items_pkey,"CREATE UNIQUE INDEX promo_bundle_items_pkey ON public.promo_bundle_items USING btree (bundle_id, kode_obat)"
promo_bundle_items,promo_bundle_items_sku_idx,CREATE INDEX promo_bundle_items_sku_idx ON public.promo_bundle_items USING btree (kode_obat)
promo_bundles,promo_bundles_branch_status_idx,"CREATE INDEX promo_bundles_branch_status_idx ON public.promo_bundles USING btree (cabang_id, status, starts_at, ends_at)"
promo_bundles,promo_bundles_cabang_id_code_key,"CREATE UNIQUE INDEX promo_bundles_cabang_id_code_key ON public.promo_bundles USING btree (cabang_id, code)"
promo_bundles,promo_bundles_pkey,CREATE UNIQUE INDEX promo_bundles_pkey ON public.promo_bundles USING btree (id)
promo_campaigns,promo_campaigns_branch_status_idx,"CREATE INDEX promo_campaigns_branch_status_idx ON public.promo_campaigns USING btree (cabang_id, status, starts_at, ends_at)"
promo_campaigns,promo_campaigns_pkey,CREATE UNIQUE INDEX promo_campaigns_pkey ON public.promo_campaigns USING btree (id)
promo_coupons,promo_coupons_cabang_id_code_key,"CREATE UNIQUE INDEX promo_coupons_cabang_id_code_key ON public.promo_coupons USING btree (cabang_id, code)"
promo_coupons,promo_coupons_code_idx,"CREATE INDEX promo_coupons_code_idx ON public.promo_coupons USING btree (cabang_id, code)"
promo_coupons,promo_coupons_pkey,CREATE UNIQUE INDEX promo_coupons_pkey ON public.promo_coupons USING btree (id)
promo_redemptions,promo_redemptions_campaign_idx,"CREATE INDEX promo_redemptions_campaign_idx ON public.promo_redemptions USING btree (campaign_id, redeemed_at)"
promo_redemptions,promo_redemptions_coupon_id_invoice_no_key,"CREATE UNIQUE INDEX promo_redemptions_coupon_id_invoice_no_key ON public.promo_redemptions USING btree (coupon_id, invoice_no)"
promo_redemptions,promo_redemptions_customer_idx,"CREATE INDEX promo_redemptions_customer_idx ON public.promo_redemptions USING btree (customer_id, coupon_id, status)"
promo_redemptions,promo_redemptions_pkey,CREATE UNIQUE INDEX promo_redemptions_pkey ON public.promo_redemptions USING btree (id)
promo_segment_targets,promo_segment_targets_unique_idx,"CREATE UNIQUE INDEX promo_segment_targets_unique_idx ON public.promo_segment_targets USING btree (campaign_id, segment, COALESCE(customer_type, ''::text))"
purchase_items,purchase_items_pkey,CREATE UNIQUE INDEX purchase_items_pkey ON public.purchase_items USING btree (id)
purchase_return_items,purchase_return_items_pkey,CREATE UNIQUE INDEX purchase_return_items_pkey ON public.purchase_return_items USING btree (id)
purchase_returns,purchase_returns_pkey,CREATE UNIQUE INDEX purchase_returns_pkey ON public.purchase_returns USING btree (return_no)
purchase_returns,purchase_returns_status_idx,CREATE INDEX purchase_returns_status_idx ON public.purchase_returns USING btree (status)
purchases,purchases_pkey,CREATE UNIQUE INDEX purchases_pkey ON public.purchases USING btree (invoice_no)
referrals,referrals_pkey,CREATE UNIQUE INDEX referrals_pkey ON public.referrals USING btree (id)
refill_programs,idx_refill_next_reminder,"CREATE INDEX idx_refill_next_reminder ON public.refill_programs USING btree (cabang_id, next_reminder_date) WHERE (status = 'active'::text)"
refill_programs,refill_programs_pkey,CREATE UNIQUE INDEX refill_programs_pkey ON public.refill_programs USING btree (id)
sale_items,sale_items_pkey,CREATE UNIQUE INDEX sale_items_pkey ON public.sale_items USING btree (id)
sale_items,sale_items_product_idx,CREATE INDEX sale_items_product_idx ON public.sale_items USING btree (product_code)
sales,sales_date_shift_idx,"CREATE INDEX sales_date_shift_idx ON public.sales USING btree (sale_date, shift)"
sales,sales_pkey,CREATE UNIQUE INDEX sales_pkey ON public.sales USING btree (invoice_no)
sales_return_items,sales_return_items_pkey,CREATE UNIQUE INDEX sales_return_items_pkey ON public.sales_return_items USING btree (id)
sales_returns,sales_returns_date_idx,CREATE INDEX sales_returns_date_idx ON public.sales_returns USING btree (return_date)
sales_returns,sales_returns_pkey,CREATE UNIQUE INDEX sales_returns_pkey ON public.sales_returns USING btree (return_no)
stock_batches,stock_batches_fefo_idx,"CREATE INDEX stock_batches_fefo_idx ON public.stock_batches USING btree (product_code, expiry_date, stock_real)"
stock_batches,stock_batches_pkey,CREATE UNIQUE INDEX stock_batches_pkey ON public.stock_batches USING btree (id)
stock_batches,stock_batches_product_code_batch_code_key,"CREATE UNIQUE INDEX stock_batches_product_code_batch_code_key ON public.stock_batches USING btree (product_code, batch_code)"
stock_counts,stock_counts_pkey,CREATE UNIQUE INDEX stock_counts_pkey ON public.stock_counts USING btree (id)
stok_batch,idx_batch_fefo,"CREATE INDEX idx_batch_fefo ON public.stok_batch USING btree (kode_obat, expired_date) WHERE (stok_real > (0)::numeric)"
stok_batch,idx_stok_batch_cabang_obat,"CREATE INDEX idx_stok_batch_cabang_obat ON public.stok_batch USING btree (cabang_id, kode_obat)"
stok_batch,stok_batch_kode_obat_kode_batch_key,"CREATE UNIQUE INDEX stok_batch_kode_obat_kode_batch_key ON public.stok_batch USING btree (kode_obat, kode_batch)"
stok_batch,stok_batch_pkey,CREATE UNIQUE INDEX stok_batch_pkey ON public.stok_batch USING btree (id_batch)
stok_opname,idx_opname_cabang_tanggal,"CREATE INDEX idx_opname_cabang_tanggal ON public.stok_opname USING btree (cabang_id, tanggal)"
stok_opname,idx_opname_tanggal,CREATE INDEX idx_opname_tanggal ON public.stok_opname USING btree (tanggal)
stok_opname,stok_opname_pkey,CREATE UNIQUE INDEX stok_opname_pkey ON public.stok_opname USING btree (id)
suppliers,suppliers_pkey,CREATE UNIQUE INDEX suppliers_pkey ON public.suppliers USING btree (code)
trx_pembayaran_hutang,idx_trx_pembayaran_hutang_cabang_faktur,"CREATE INDEX idx_trx_pembayaran_hutang_cabang_faktur ON public.trx_pembayaran_hutang USING btree (cabang_id, no_faktur)"
trx_pembayaran_hutang,idx_trx_pembayaran_hutang_status,"CREATE INDEX idx_trx_pembayaran_hutang_status ON public.trx_pembayaran_hutang USING btree (cabang_id, status)"
trx_pembayaran_hutang,trx_pembayaran_hutang_faktur_cabang_key,"CREATE UNIQUE INDEX trx_pembayaran_hutang_faktur_cabang_key ON public.trx_pembayaran_hutang USING btree (id, cabang_id)"
trx_pembayaran_hutang,trx_pembayaran_hutang_pkey,CREATE UNIQUE INDEX trx_pembayaran_hutang_pkey ON public.trx_pembayaran_hutang USING btree (id)
trx_pembelian,idx_pembelian_jatuhtempo,CREATE INDEX idx_pembelian_jatuhtempo ON public.trx_pembelian USING btree (jatuh_tempo)
trx_pembelian,idx_pembelian_tglfaktur,CREATE INDEX idx_pembelian_tglfaktur ON public.trx_pembelian USING btree (tanggal_faktur)
trx_pembelian,idx_trx_pembelian_cabang_tanggal,"CREATE INDEX idx_trx_pembelian_cabang_tanggal ON public.trx_pembelian USING btree (cabang_id, tanggal_faktur)"
trx_pembelian,trx_pembelian_pkey,CREATE UNIQUE INDEX trx_pembelian_pkey ON public.trx_pembelian USING btree (no_faktur)
trx_pembelian_detail,idx_pembelian_detail_faktur,CREATE INDEX idx_pembelian_detail_faktur ON public.trx_pembelian_detail USING btree (no_faktur)
trx_pembelian_detail,trx_pembelian_detail_pkey,CREATE UNIQUE INDEX trx_pembelian_detail_pkey ON public.trx_pembelian_detail USING btree (id)
trx_penjualan,idx_penjualan_shift,CREATE INDEX idx_penjualan_shift ON public.trx_penjualan USING btree (shift)
trx_penjualan,idx_penjualan_tanggal,CREATE INDEX idx_penjualan_tanggal ON public.trx_penjualan USING btree (tanggal)
trx_penjualan,idx_penjualan_wa,CREATE INDEX idx_penjualan_wa ON public.trx_penjualan USING btree (nomor_wa)
trx_penjualan,idx_trx_penjualan_cabang_tanggal,"CREATE INDEX idx_trx_penjualan_cabang_tanggal ON public.trx_penjualan USING btree (cabang_id, tanggal)"
trx_penjualan,trx_penjualan_pkey,CREATE UNIQUE INDEX trx_penjualan_pkey ON public.trx_penjualan USING btree (no_nota)
trx_penjualan_detail,idx_penjualan_detail_nota,CREATE INDEX idx_penjualan_detail_nota ON public.trx_penjualan_detail USING btree (no_nota)
trx_penjualan_detail,idx_penjualan_detail_obat,CREATE INDEX idx_penjualan_detail_obat ON public.trx_penjualan_detail USING btree (kode_obat)
trx_penjualan_detail,trx_penjualan_detail_pkey,CREATE UNIQUE INDEX trx_penjualan_detail_pkey ON public.trx_penjualan_detail USING btree (id)
trx_retur_beli,idx_returbeli_faktur,CREATE INDEX idx_returbeli_faktur ON public.trx_retur_beli USING btree (no_faktur_asal)
trx_retur_beli,idx_returbeli_status,CREATE INDEX idx_returbeli_status ON public.trx_retur_beli USING btree (status)
trx_retur_beli,trx_retur_beli_pkey,CREATE UNIQUE INDEX trx_retur_beli_pkey ON public.trx_retur_beli USING btree (no_retur)
trx_retur_beli_detail,idx_returbeli_detail_retur,CREATE INDEX idx_returbeli_detail_retur ON public.trx_retur_beli_detail USING btree (no_retur)
trx_retur_beli_detail,trx_retur_beli_detail_pkey,CREATE UNIQUE INDEX trx_retur_beli_detail_pkey ON public.trx_retur_beli_detail USING btree (id)
trx_retur_jual,idx_returjual_nota,CREATE INDEX idx_returjual_nota ON public.trx_retur_jual USING btree (no_nota_asal)
trx_retur_jual,trx_retur_jual_pkey,CREATE UNIQUE INDEX trx_retur_jual_pkey ON public.trx_retur_jual USING btree (no_retur)
trx_retur_jual_detail,idx_returjual_detail_retur,CREATE INDEX idx_returjual_detail_retur ON public.trx_retur_jual_detail USING btree (no_retur)
trx_retur_jual_detail,trx_retur_jual_detail_pkey,CREATE UNIQUE INDEX trx_retur_jual_detail_pkey ON public.trx_retur_jual_detail USING btree (id)