tabel,conname,definisi
profiles,profiles_id_fkey,FOREIGN KEY (id) REFERENCES auth.users(id) ON DELETE CASCADE
profiles,profiles_pkey,PRIMARY KEY (id)
profiles,profiles_username_key,UNIQUE (username)
products,products_barcode_key,UNIQUE (barcode)
products,products_cost_check,CHECK ((cost >= (0)::numeric))
products,products_min_stock_check,CHECK ((min_stock >= 0))
products,products_pkey,PRIMARY KEY (code)
products,products_price_general_check,CHECK ((price_general >= (0)::numeric))
products,products_price_special_check,CHECK ((price_special >= (0)::numeric))
products,products_price_transfer_check,CHECK ((price_transfer >= (0)::numeric))
stock_batches,stock_batches_batch_cost_check,CHECK ((batch_cost >= (0)::numeric))
stock_batches,stock_batches_pkey,PRIMARY KEY (id)
stock_batches,stock_batches_product_code_batch_code_key,"UNIQUE (product_code, batch_code)"
stock_batches,stock_batches_product_code_fkey,FOREIGN KEY (product_code) REFERENCES products(code)
stock_batches,stock_batches_stock_real_check,CHECK ((stock_real >= 0))
customers,customers_pkey,PRIMARY KEY (phone)
suppliers,suppliers_pkey,PRIMARY KEY (code)
sales,sales_cashier_id_fkey,FOREIGN KEY (cashier_id) REFERENCES profiles(id)
sales,sales_customer_phone_fkey,FOREIGN KEY (customer_phone) REFERENCES customers(phone)
sales,sales_pkey,PRIMARY KEY (invoice_no)
sale_items,sale_items_batch_cost_check,CHECK ((batch_cost >= (0)::numeric))
sale_items,sale_items_invoice_no_fkey,FOREIGN KEY (invoice_no) REFERENCES sales(invoice_no) ON DELETE CASCADE
sale_items,sale_items_pkey,PRIMARY KEY (id)
sale_items,sale_items_product_code_fkey,FOREIGN KEY (product_code) REFERENCES products(code)
sale_items,sale_items_quantity_check,CHECK ((quantity > 0))
sale_items,sale_items_subtotal_check,CHECK ((subtotal >= (0)::numeric))
sale_items,sale_items_unit_price_check,CHECK ((unit_price >= (0)::numeric))
purchases,purchases_officer_id_fkey,FOREIGN KEY (officer_id) REFERENCES profiles(id)
purchases,purchases_pkey,PRIMARY KEY (invoice_no)
purchases,purchases_supplier_code_fkey,FOREIGN KEY (supplier_code) REFERENCES suppliers(code)
purchase_items,purchase_items_invoice_no_fkey,FOREIGN KEY (invoice_no) REFERENCES purchases(invoice_no) ON DELETE CASCADE
purchase_items,purchase_items_pkey,PRIMARY KEY (id)
purchase_items,purchase_items_product_code_fkey,FOREIGN KEY (product_code) REFERENCES products(code)
purchase_items,purchase_items_quantity_check,CHECK ((quantity > 0))
operating_expenses,operating_expenses_amount_check,CHECK ((amount >= (0)::numeric))
operating_expenses,operating_expenses_officer_id_fkey,FOREIGN KEY (officer_id) REFERENCES profiles(id)
operating_expenses,operating_expenses_pkey,PRIMARY KEY (id)
stock_counts,stock_counts_officer_id_fkey,FOREIGN KEY (officer_id) REFERENCES profiles(id)
stock_counts,stock_counts_physical_stock_check,CHECK ((physical_stock >= 0))
stock_counts,stock_counts_pkey,PRIMARY KEY (id)
stock_counts,stock_counts_product_code_fkey,FOREIGN KEY (product_code) REFERENCES products(code)
sales_returns,sales_returns_customer_phone_fkey,FOREIGN KEY (customer_phone) REFERENCES customers(phone)
sales_returns,sales_returns_original_invoice_fkey,FOREIGN KEY (original_invoice) REFERENCES sales(invoice_no)
sales_returns,sales_returns_pkey,PRIMARY KEY (return_no)
sales_return_items,sales_return_items_pkey,PRIMARY KEY (id)
sales_return_items,sales_return_items_product_code_fkey,FOREIGN KEY (product_code) REFERENCES products(code)
sales_return_items,sales_return_items_quantity_check,CHECK ((quantity > 0))
sales_return_items,sales_return_items_return_no_fkey,FOREIGN KEY (return_no) REFERENCES sales_returns(return_no) ON DELETE CASCADE
purchase_returns,purchase_returns_original_invoice_fkey,FOREIGN KEY (original_invoice) REFERENCES purchases(invoice_no)
purchase_returns,purchase_returns_pkey,PRIMARY KEY (return_no)
purchase_returns,purchase_returns_supplier_code_fkey,FOREIGN KEY (supplier_code) REFERENCES suppliers(code)
purchase_return_items,purchase_return_items_pkey,PRIMARY KEY (id)
purchase_return_items,purchase_return_items_product_code_fkey,FOREIGN KEY (product_code) REFERENCES products(code)
purchase_return_items,purchase_return_items_quantity_check,CHECK ((quantity > 0))
purchase_return_items,purchase_return_items_return_no_fkey,FOREIGN KEY (return_no) REFERENCES purchase_returns(return_no) ON DELETE CASCADE
app_users,app_users_aktif_check,"CHECK ((aktif = ANY (ARRAY['YA'::text, 'TIDAK'::text])))"
app_users,app_users_cabang_fk,FOREIGN KEY (cabang_id) REFERENCES master_cabang(kode_cabang)
app_users,app_users_pkey,PRIMARY KEY (username)
app_users,app_users_role_check,"CHECK ((role = ANY (ARRAY['Owner'::text, 'Apoteker'::text, 'Kasir'::text])))"
app_sessions,app_sessions_cabang_fk,FOREIGN KEY (cabang_id) REFERENCES master_cabang(kode_cabang)
app_sessions,app_sessions_pkey,PRIMARY KEY (token)
app_sessions,app_sessions_username_fkey,FOREIGN KEY (username) REFERENCES app_users(username)
master_barang,master_barang_aktif_check,"CHECK ((aktif = ANY (ARRAY['YA'::text, 'TIDAK'::text])))"
master_barang,master_barang_pkey,PRIMARY KEY (kode_obat)
stok_batch,stok_batch_cabang_fk,FOREIGN KEY (cabang_id) REFERENCES master_cabang(kode_cabang)
stok_batch,stok_batch_kode_obat_fkey,FOREIGN KEY (kode_obat) REFERENCES master_barang(kode_obat)
stok_batch,stok_batch_kode_obat_kode_batch_key,"UNIQUE (kode_obat, kode_batch)"
stok_batch,stok_batch_pkey,PRIMARY KEY (id_batch)
master_customer,master_customer_cabang_fk,FOREIGN KEY (cabang_id) REFERENCES master_cabang(kode_cabang)
master_customer,master_customer_pkey,PRIMARY KEY (id)
master_customer,master_customer_tipe_customer_check,"CHECK ((tipe_customer = ANY (ARRAY['Umum'::text, 'Tenaga Kesehatan'::text, 'Apotek Lain'::text])))"
master_supplier,master_supplier_nama_supplier_key,UNIQUE (nama_supplier)
master_supplier,master_supplier_pkey,PRIMARY KEY (kode_supplier)
trx_pembelian,trx_pembelian_cabang_fk,FOREIGN KEY (cabang_id) REFERENCES master_cabang(kode_cabang)
trx_pembelian,trx_pembelian_pkey,PRIMARY KEY (no_faktur)
trx_pembelian_detail,trx_pembelian_detail_cabang_fk,FOREIGN KEY (cabang_id) REFERENCES master_cabang(kode_cabang)
trx_pembelian_detail,trx_pembelian_detail_no_faktur_fkey,FOREIGN KEY (no_faktur) REFERENCES trx_pembelian(no_faktur)
trx_pembelian_detail,trx_pembelian_detail_pkey,PRIMARY KEY (id)
trx_penjualan,trx_penjualan_bundle_id_fkey,FOREIGN KEY (bundle_id) REFERENCES promo_bundles(id)
trx_penjualan,trx_penjualan_cabang_fk,FOREIGN KEY (cabang_id) REFERENCES master_cabang(kode_cabang)
trx_penjualan,trx_penjualan_campaign_id_fkey,FOREIGN KEY (campaign_id) REFERENCES promo_campaigns(id)
trx_penjualan,trx_penjualan_coupon_id_fkey,FOREIGN KEY (coupon_id) REFERENCES promo_coupons(id)
trx_penjualan,trx_penjualan_pkey,PRIMARY KEY (no_nota)
trx_penjualan_detail,trx_penjualan_detail_cabang_fk,FOREIGN KEY (cabang_id) REFERENCES master_cabang(kode_cabang)
trx_penjualan_detail,trx_penjualan_detail_no_nota_fkey,FOREIGN KEY (no_nota) REFERENCES trx_penjualan(no_nota)
trx_penjualan_detail,trx_penjualan_detail_pkey,PRIMARY KEY (id)
biaya_operasional,biaya_operasional_cabang_fk,FOREIGN KEY (cabang_id) REFERENCES master_cabang(kode_cabang)
biaya_operasional,biaya_operasional_pkey,PRIMARY KEY (id)
stok_opname,stok_opname_cabang_fk,FOREIGN KEY (cabang_id) REFERENCES master_cabang(kode_cabang)
stok_opname,stok_opname_pkey,PRIMARY KEY (id)
trx_retur_jual,trx_retur_jual_cabang_fk,FOREIGN KEY (cabang_id) REFERENCES master_cabang(kode_cabang)
trx_retur_jual,trx_retur_jual_no_nota_asal_fkey,FOREIGN KEY (no_nota_asal) REFERENCES trx_penjualan(no_nota)
trx_retur_jual,trx_retur_jual_pkey,PRIMARY KEY (no_retur)
trx_retur_jual_detail,trx_retur_jual_detail_cabang_fk,FOREIGN KEY (cabang_id) REFERENCES master_cabang(kode_cabang)
trx_retur_jual_detail,trx_retur_jual_detail_no_retur_fkey,FOREIGN KEY (no_retur) REFERENCES trx_retur_jual(no_retur)
trx_retur_jual_detail,trx_retur_jual_detail_pkey,PRIMARY KEY (id)
trx_retur_beli,trx_retur_beli_approved_by_fkey,FOREIGN KEY (approved_by) REFERENCES app_users(username)
trx_retur_beli,trx_retur_beli_cabang_fk,FOREIGN KEY (cabang_id) REFERENCES master_cabang(kode_cabang)
trx_retur_beli,trx_retur_beli_created_by_fkey,FOREIGN KEY (created_by) REFERENCES app_users(username)
trx_retur_beli,trx_retur_beli_no_faktur_asal_fkey,FOREIGN KEY (no_faktur_asal) REFERENCES trx_pembelian(no_faktur)