table_name,column_name,data_type,is_nullable,column_default
activity_log,id,bigint,NO,nextval('activity_log_id_seq'::regclass)
activity_log,fungsi,text,NO,null
activity_log,username,text,YES,null
activity_log,durasi_ms,integer,YES,null
activity_log,catatan,text,YES,null
activity_log,created_at,timestamp with time zone,NO,now()
app_sessions,token,text,NO,null
app_sessions,username,text,NO,null
app_sessions,nama,text,NO,null
app_sessions,role,text,NO,null
app_sessions,login_at,timestamp with time zone,NO,now()
app_sessions,shift,text,NO,null
app_sessions,expires_at,timestamp with time zone,NO,null
app_sessions,cabang_id,text,NO,'KARLA'::text
app_users,username,text,NO,null
app_users,nama,text,NO,null
app_users,password_hash,text,NO,null
app_users,role,text,NO,null
app_users,aktif,text,NO,'YA'::text
app_users,created_at,timestamp with time zone,NO,now()
app_users,cabang_id,text,NO,'KARLA'::text
biaya_operasional,id,text,NO,null
biaya_operasional,tanggal,date,NO,null
biaya_operasional,keterangan,text,NO,null
biaya_operasional,nominal,numeric,NO,null
biaya_operasional,shift,text,NO,null
biaya_operasional,petugas,text,NO,null
biaya_operasional,timestamp,timestamp with time zone,NO,now()
biaya_operasional,cabang_id,text,NO,'KARLA'::text
customers,phone,text,NO,null
customers,name,text,NO,null
customers,customer_type,USER-DEFINED,NO,'Umum'::customer_type
customers,address,text,NO,''::text
customers,license_number,text,NO,''::text
customers,total_spend,numeric,NO,0
customers,transaction_count,integer,NO,0
customers,last_purchase_date,date,YES,null
customers,crm_segment,text,NO,'Baru'::text
customers,created_at,timestamp with time zone,NO,now()
loyalty_redemptions,id,uuid,NO,gen_random_uuid()
loyalty_redemptions,cabang_id,text,NO,null
loyalty_redemptions,customer_id,uuid,NO,null
loyalty_redemptions,reward_id,uuid,NO,null
loyalty_redemptions,no_nota,text,YES,null
loyalty_redemptions,points_used,integer,NO,null
loyalty_redemptions,reward_value,numeric,NO,0
loyalty_redemptions,status,text,NO,'redeemed'::text
loyalty_redemptions,created_at,timestamp with time zone,NO,now()
loyalty_rewards,id,uuid,NO,gen_random_uuid()
loyalty_rewards,cabang_id,text,NO,null
loyalty_rewards,name,text,NO,null
loyalty_rewards,points_required,integer,NO,null
loyalty_rewards,reward_type,text,NO,'discount'::text
loyalty_rewards,reward_value,numeric,NO,0
loyalty_rewards,min_tier,text,NO,'reguler'::text
loyalty_rewards,is_active,boolean,NO,true
loyalty_rewards,created_at,timestamp with time zone,NO,now()
loyalty_transactions,id,uuid,NO,gen_random_uuid()
loyalty_transactions,cabang_id,text,NO,null
loyalty_transactions,customer_id,uuid,NO,null
loyalty_transactions,no_nota,text,YES,null
loyalty_transactions,points_change,integer,NO,null
loyalty_transactions,reason,text,NO,null
loyalty_transactions,created_at,timestamp with time zone,NO,now()
master_barang,kode_obat,text,NO,null
master_barang,nama_obat,text,NO,null
master_barang,kategori,text,YES,null
master_barang,golongan,text,YES,null
master_barang,satuan,text,NO,'Pcs'::text
master_barang,barcode,text,YES,null
master_barang,harga_modal,numeric,NO,0
master_barang,harga_jual_umum,numeric,NO,0
master_barang,harga_khusus,numeric,NO,0
master_barang,harga_jual_mutasi,numeric,NO,0
master_barang,ppn,numeric,NO,0
master_barang,stok_min,numeric,NO,10
master_barang,aktif,text,NO,'YA'::text
master_barang,updated_at,timestamp with time zone,NO,now()
master_cabang,kode_cabang,text,NO,null
master_cabang,nama_cabang,text,NO,null
master_cabang,aktif,text,NO,'YA'::text
master_cabang,created_at,timestamp with time zone,NO,now()
master_customer,nomor_wa,text,NO,null
master_customer,nama,text,NO,null
master_customer,tipe_customer,text,NO,'Umum'::text
master_customer,alamat,text,YES,null
master_customer,nomor_izin,text,YES,null
master_customer,total_belanja,numeric,NO,0
master_customer,jumlah_transaksi,integer,NO,0
master_customer,tanggal_terakhir_beli,date,YES,null
master_customer,segment_crm,text,NO,'Baru'::text
master_customer,created_at,timestamp with time zone,NO,now()
master_customer,id,uuid,NO,gen_random_uuid()
master_customer,cabang_id,text,NO,'KARLA'::text
master_customer,email,text,YES,null
master_customer,birth_date,date,YES,null
master_customer,preferred_language,text,NO,'id'::text
master_customer,preferred_pickup_time,text,YES,null
master_customer,family_group_id,uuid,YES,null
master_customer,tier,text,NO,'reguler'::text