tablename,policyname,cmd,roles,qual,with_check
customers,app_insert,INSERT,{authenticated},null,"has_app_role(ARRAY['Owner'::app_role, 'Apoteker'::app_role, 'Kasir'::app_role])"
customers,app_select,SELECT,{authenticated},"has_app_role(ARRAY['Owner'::app_role, 'Apoteker'::app_role, 'Kasir'::app_role])",null
customers,app_update,UPDATE,{authenticated},"has_app_role(ARRAY['Owner'::app_role, 'Apoteker'::app_role, 'Kasir'::app_role])",null
operating_expenses,app_delete,DELETE,{authenticated},has_app_role(ARRAY['Owner'::app_role]),null
operating_expenses,app_insert,INSERT,{authenticated},null,has_app_role(ARRAY['Owner'::app_role])
operating_expenses,app_select,SELECT,{authenticated},has_app_role(ARRAY['Owner'::app_role]),null
operating_expenses,app_update,UPDATE,{authenticated},has_app_role(ARRAY['Owner'::app_role]),null
products,app_insert,INSERT,{authenticated},null,"has_app_role(ARRAY['Owner'::app_role, 'Apoteker'::app_role])"
products,app_select,SELECT,{authenticated},true,null
products,app_update,UPDATE,{authenticated},"has_app_role(ARRAY['Owner'::app_role, 'Apoteker'::app_role])",null
profiles,app_select,SELECT,{authenticated},((id = ( SELECT auth.uid() AS uid)) OR has_app_role(ARRAY['Owner'::app_role])),null
profiles,app_update,UPDATE,{authenticated},has_app_role(ARRAY['Owner'::app_role]),has_app_role(ARRAY['Owner'::app_role])
purchase_items,app_select,SELECT,{authenticated},"has_app_role(ARRAY['Owner'::app_role, 'Apoteker'::app_role])",null
purchase_return_items,app_insert,INSERT,{authenticated},null,"has_app_role(ARRAY['Owner'::app_role, 'Apoteker'::app_role])"
purchase_return_items,app_select,SELECT,{authenticated},"has_app_role(ARRAY['Owner'::app_role, 'Apoteker'::app_role])",null
purchase_returns,app_insert,INSERT,{authenticated},null,"has_app_role(ARRAY['Owner'::app_role, 'Apoteker'::app_role])"
purchase_returns,app_select,SELECT,{authenticated},"has_app_role(ARRAY['Owner'::app_role, 'Apoteker'::app_role])",null
purchase_returns,app_update,UPDATE,{authenticated},has_app_role(ARRAY['Owner'::app_role]),null
purchases,app_select,SELECT,{authenticated},"has_app_role(ARRAY['Owner'::app_role, 'Apoteker'::app_role])",null
sale_items,app_select,SELECT,{authenticated},"has_app_role(ARRAY['Owner'::app_role, 'Apoteker'::app_role, 'Kasir'::app_role])",null
sales,app_select,SELECT,{authenticated},"has_app_role(ARRAY['Owner'::app_role, 'Apoteker'::app_role, 'Kasir'::app_role])",null
sales_return_items,app_insert,INSERT,{authenticated},null,"has_app_role(ARRAY['Owner'::app_role, 'Apoteker'::app_role, 'Kasir'::app_role])"
sales_return_items,app_select,SELECT,{authenticated},"has_app_role(ARRAY['Owner'::app_role, 'Apoteker'::app_role, 'Kasir'::app_role])",null
sales_returns,app_insert,INSERT,{authenticated},null,"has_app_role(ARRAY['Owner'::app_role, 'Apoteker'::app_role, 'Kasir'::app_role])"
sales_returns,app_select,SELECT,{authenticated},"has_app_role(ARRAY['Owner'::app_role, 'Apoteker'::app_role, 'Kasir'::app_role])",null
stock_batches,app_insert,INSERT,{authenticated},null,"has_app_role(ARRAY['Owner'::app_role, 'Apoteker'::app_role])"
stock_batches,app_select,SELECT,{authenticated},true,null
stock_batches,app_update,UPDATE,{authenticated},"has_app_role(ARRAY['Owner'::app_role, 'Apoteker'::app_role])",null
stock_counts,app_insert,INSERT,{authenticated},null,"has_app_role(ARRAY['Owner'::app_role, 'Apoteker'::app_role])"
stock_counts,app_select,SELECT,{authenticated},"has_app_role(ARRAY['Owner'::app_role, 'Apoteker'::app_role])",null
suppliers,app_insert,INSERT,{authenticated},null,"has_app_role(ARRAY['Owner'::app_role, 'Apoteker'::app_role])"
suppliers,app_select,SELECT,{authenticated},"has_app_role(ARRAY['Owner'::app_role, 'Apoteker'::app_role])",null
suppliers,app_update,UPDATE,{authenticated},"has_app_role(ARRAY['Owner'::app_role, 'Apoteker'::app_role])",null